[
    {
        "heroId": 1,
        "heroName": "GOD Of Cricket",
        "realName": "Sachin Tendulkar",
        "heroStrength": "Indian Cricket Legend",
        "heroNature": "Calm,Quiet and Focused",
        "imageUrl": "./app/assets/images/sachin.jpg"
    },
    {
         "heroId": 2,
        "heroName": "P V Sindhu",
        "realName": "Pusarla Venkata Sindhu",
        "heroStrength": "Olympic Silver Medal Winner for Women Badminton",
        "heroNature": "Aggressiv,Stylish",
        "imageUrl": "./app/assets/images/PVSindhu.jpg"
    },
    {
          "heroId": 3,
        "heroName": "Sakshi Malik",
        "realName": "Sakshi Malik",
        "heroStrength": "Indian Women Wrestler",
        "heroNature": "Rustic",
        "imageUrl": "./app/assets/images/sakshimalik.jpg"
    },
    {
        "heroId": 4,
        "heroName": "Mariyappan",
        "realName": "Mariyappan Thangavelu",
        "heroStrength": "Inldian paralympic  High Jump Gold Winner",
        "heroNature": "Angry",
        "imageUrl": "./app/assets/images/Mariyappan.jpg"
    },
    {
        "heroId": 5,
        "heroName": "Vishy",
        "realName": "Viswanathan Anand",
        "heroStrength": "Indian Chess GrandMaster",
        "heroNature": "Smart,Clever",
        "imageUrl": "./app/assets/images/ViswanathanAnand.jpg"
    }
]